id,first_name,lastname,email
100,Idriss,Reinke,Reinke@yopmail.com
101,Idriss,Ciapas,Ciapas@yopmail.com
102,Joseph,Bevin,Bevin@yopmail.com
103,Durand,Frodi,Frodi@yopmail.com
104,Joseph,Urias,Urias@yopmail.com
105,Legrand,Kirstin,Kirstin@yopmail.com
106,Rodolphe,Ovid,Ovid@yopmail.com
107,Idriss,Bobbee,Bobbee@yopmail.com
108,William,Sinegold,Sinegold@yopmail.com
109,Ornel,Rosemary,Rosemary@yopmail.com